{
    "name": "深海蓝", 
	"color": {
		"themeColor": "#478AF7",
		"themeSubColor": "#48DBFE",
		"backgroundColor": "#F2F2F2",
		"lightBackgroundColor": "#FAFAFA",
		"darkBackgroundColor": "#333333",
		"textColor": "#333333",
		"blackTextColor": "#333333",
		"grayTextColor": "#666666",
		"lightTextColor": "#999999",
		"dividerColor": "#F2F2F2",
		"destructiveColor": "#D45047",
		"whiteColor": "#FFFFFF",
		"blackColor": "#000000"
	},
    "font": {
        "textFont": {
            "regular": ".AppleSystemUIFont",
            "bold": ".AppleSystemUIFontBold",
            "italic": ".AppleSystemUIFontItalic",
            "boldItalic": ".AppleSystemUIFontBoldItalic"
        },
        "asciiFont": {
            "regular": "TrebuchetMS",
            "bold": "TrebuchetMS-Bold",
            "italic": "Trebuchet-Italic",
            "boldItalic": "Trebuchet-BoldItalic"
        }
    },
    "image": {
        
    }
}
