{
    "name": "极致黑",
	"color": {
		"themeColor": "#DAA520",
		"themeSubColor": "#EAE45A",
		"backgroundColor": "#303030",
		"lightBackgroundColor": "#3F3F3F",
		"darkBackgroundColor": "#333333",
		"textColor": "#FFFFFF",
		"blackTextColor": "#333333",
		"grayTextColor": "#666666",
		"lightTextColor": "#999999",
		"dividerColor": "#303030",
		"destructiveColor": "#D45047",
		"whiteColor": "#FFFFFF",
		"blackColor": "#000000"
	},
    "font": {
        "textFont": {
            "regular": ".AppleSystemUIFont",
            "bold": ".AppleSystemUIFontBold",
            "italic": ".AppleSystemUIFontItalic",
            "boldItalic": ".AppleSystemUIFontBoldItalic"
        },
        "asciiFont": {
            "regular": "TrebuchetMS",
            "bold": "TrebuchetMS-Bold",
            "italic": "Trebuchet-Italic",
            "boldItalic": "Trebuchet-BoldItalic"
        }
    },
    "image": {
        
    }
}
